text,Event,target
Micheal Essien denying the Ebola rumours like https://t.co/H2E1TAzeha,ebola-essien,1
No truth in internet rumours that I have contracted Ebola.i m very well &amp; I'm doing very gud &amp; will be training as usual tomorrow.#falsenews,ebola-essien,1
Essien and his lawyers are considering to file a lawsuit against the Nigerian media that reported the fake Ebola story.,ebola-essien,1
Good news: The rumours that Michael Essien has contracted the Ebola virus are false. http://t.co/5d7hCL46mR http://t.co/VtGuLnjWBD,ebola-essien,1
"Milan have stated that the reports about Essien having Ebola are completely false.
http://t.co/Sb9v9ulfTX
@MichaelEssien",ebola-essien,1
"I'm very fit and very healthy,No truth in the internet rumours that I have contracted Ebola.im well &amp;‚Ä¶ http://t.co/TGidyI5JVG",ebola-essien,1
Unconfirmed reports claim that Michael Essien has contracted Ebola. http://t.co/VASQrZdLhH,ebola-essien,1
AC Milan midfielder Michael Essien has been diagnosed with Ebola. Get well soon Michael. [Daily Times] http://t.co/r6y8d9HMAw,ebola-essien,1
Milan release official statement on their site saying that the reports of Michael Essien having Ebola are false. http://t.co/qYDG0RcOZh,ebola-essien,1
AC Milan have denied reports that midfielder Michael Essien has contracted Ebola while on national duty with Ghana #SSFootball,ebola-essien,1
"Breaking news: Ghana international and AC Milan star Michael Essien has contracted Ebola, his club has confirmed.",ebola-essien,1
BREAKING: Unconfirmed reports claim AC Milan midfielder Michael Essien has contracted the Ebola virus. #GetWellSoon http://t.co/9h2spi4T0J,ebola-essien,1
AC Milan midfielder Michael Essien has been diagnosed with Ebola. Get well soon Michael. [Daily Times] http://t.co/swnPfExdFx,ebola-essien,1
AC Milan have confirmed that the reports about Michael Essien having Ebola are completely false.,ebola-essien,1
In a tweet concert promoter Live Nation says there is NO Prince show at Massey Hall tonight #Toronto,prince-toronto,1
VIDEO: Prince fans at @masseyhall in #Toronto react after being told singer won‚Äôt perform Tuesday: http://t.co/WAksjJN9cs @CityAnnaV,prince-toronto,1
Security at Massey Hall tells @CP24 there is NO Prince show #Toronto #prince'd #purple'd,prince-toronto,1
We're in line to see @3RDEYEGIRL!!!! #Prince #PrinceSurpriseShow #November4th #Toronto http://t.co/zFfGno2RcT,prince-toronto,1
Are you in line for Prince's rumoured show in Toronto? http://t.co/vWqaS1wjSp http://t.co/7FzHZsihpY,prince-toronto,1
TORONTO: Quick reminder that Prince is seemingly playing @masseyhall tonight... No more details at the minute!,prince-toronto,1
"I could legit cry right now. Tickets are $10. If you don't have to work today and love Prince, go to Massey Hall. Like, right now.",prince-toronto,1
"There's no Prince show in Toronto tonight ... but there IS an American midterm election on TV ... so, y'know, that's fun too!",prince-toronto,1
@seldomherd @TomBeyer7 CBC Toronto quoted you: Pop-up Prince in Toronto? Social media speculates http://t.co/KnbVMG4enZ #cbcto,prince-toronto,1
"Maybe they mixed up the Prince's?

#Prince will not be performing @masseyhal in #Toronto 
tonight. 

 #PrinceFielder? http://t.co/qXmqA0K7o5",prince-toronto,1
Fans have told me they overheard security saying that Prince's drumkit has already been set up inside Massey Hall in Toronto.,prince-toronto,1
The music legend known as Prince is rumoured to be having a surprise pop-up show tonight @ Massey Hall in Toronto #fb http://t.co/jRAAkW7sU8,prince-toronto,1
"Prince probably arrived in Toronto, saw that it was raining and cancelled because the rain wasn't purple. #prince",prince-toronto,1
PRINCE in Toronto details. Just a production rehearsal...? http://t.co/c8wGBIFnR8,prince-toronto,1
"As a monarchist, I'm excited to learn that the Prince will be in #Toronto tonight. Perhaps he'll autograph my cricket bat! #TOpoli",prince-toronto,1
Is Prince playing a surprise show at Massey Hall tonight? http://t.co/214bqLGMwd,prince-toronto,1
Toronto is in 4 a treat 2nite....@Prince_NPG @3RDEYEGIRL @HannahFordDrums @idanielsenbass @DonnaGrantis @JOSHUAWORLD #TDOT,prince-toronto,1
"WHAT?  RT @CityNews #BREAKING: Prince reportedly to perform surprise show at Massey Hall tonight
http://t.co/jT8Tx5P1Kw #Toronto",prince-toronto,1
BREAKING: Tonight in Toronto nobody is gonna party like it's 1999. #Prince  #PRINCEWATCH #mylittleredcorvettestalled,prince-toronto,1
"Pretty sure #Prince bailed as soon as he heard #Toronto fans referring to it as a ""pop-up show"".",prince-toronto,1
"Jeez, what is it with Toronto and cancellations? First IE, now Prince concerts. Remind me to book next family reunion there.",prince-toronto,1
Prince is playing a secret show in Toronto tonight.  I will also be playing a secret show tonight involving pizza &amp; netflix bingeing.,prince-toronto,1
"""My boss let me go early, told me I look sick.""
Lineup for rumoured Prince show: http://t.co/WTde7L4kYy http://t.co/LXtTx9qNaS #Toronto",prince-toronto,1
Live Nation has confirmed that Prince will NOT be performing in Toronto tonight :(,prince-toronto,1
Prince at Massey Hall? Will. Be. Bonkers. http://t.co/IecAWY53du,prince-toronto,1
Bad news for the Prince fans in the queue. No show in Toronto unfortunately. (according to Livenation) https://t.co/BbaUOo9k1x,prince-toronto,1
@jness935 @johnpaille @scrypticktock CBC Toronto quoted you: Pop-up Prince in Toronto? Social media speculates http://t.co/KnbVMG4enZ #cbcto,prince-toronto,1
Secret Prince Show Rumored for Toronto Tonight http://t.co/yhXdMtq4T0,prince-toronto,1
"UPDATE: Live Nation tweeting that Prince won't be performing tomorrow night either.
http://t.co/GibJDqhHBA #PrinceTO #Toronto",prince-toronto,1
Lineup forming outside Massey Hall following rumours of Prince concert: http://t.co/Epurh7XqLY http://t.co/9joDVDnGLI,prince-toronto,1
Is it still a secret show if everyone knows about it? #Prince? #Toronto  http://t.co/auLwUbBe3J http://t.co/49Xr9ovdwQ,prince-toronto,1
The Prince at Massey Hall line up spans two blocks. Security say they have not done a headcount. http://t.co/hRMNQSTgUG,prince-toronto,1
Prince is playing a surprise show tonight at Massey Hall! http://t.co/8CZZUewOUZ #Toronto,prince-toronto,1
Updated Story: Secret Prince show rumored for Toronto tonight http://t.co/2nZEQnKhje,prince-toronto,1
"According to @globalnewsto show is 8pm and wristbands handed out at 6pm. 
This is unconfirmed though!!! @masseyhall 
http://t.co/buoY83fH4o",prince-toronto,1
Prince to perform surprise show in Toronto http://t.co/yjizydWAtf,prince-toronto,1
Is #Prince Playing A Surprise Show At Massey Hall Tonight? #Toronto. It certainly looks like it. http://t.co/5Of7boRp8t,prince-toronto,1
Is there a suprise prince show at massey hall tonite OTNOROT?,prince-toronto,1
"BREAKING: Performance art piece ""Soon To Be Disappointed Lined-Up Torontonians"" by Prince concludes after short run at Massey Hall #Toronto",prince-toronto,1
"STORY: Prince to reportedly play a pop up show in Toronto TONIGHT
http://t.co/eMaXT97Deq http://t.co/vj6d8iek5z",prince-toronto,1
Watch now on #cbcto: Live Nation says Prince concert is a no-go but fans still outside Massey Hall http://t.co/xePAPbntGX @trevorjdunn,prince-toronto,1
Prince and 3RDEYEGIRL playing last minute show at Massey Hall. Tix $10,prince-toronto,1
Prince to perform surprise show in Toronto: http://t.co/y57XENHQlb #Prince http://t.co/sOFt4XlNUG,prince-toronto,1
"Hey #Toronto, I know that Prince concert at Massey Hall didn't happen but now he's here playing in my living room and what does he eat?",prince-toronto,1
Good old Massey Hall for Prince tonight in #Toronto. http://t.co/4DMcW35Iqq,prince-toronto,1
Prince will NOT be performing a secret show in Toronto tonight despite fans waiting in the (purple) rain all day http://t.co/QuARw5Lcth,prince-toronto,1
this nigga Prince got all the unemployed middle aged/retired folk in toronto waiting in purple rain for him,prince-toronto,1
"Contrary to popular belief, @LiveNation has stated that there will not be a secret #Prince show at Massey Hall",prince-toronto,1
This is what it sounds like when fans cry. #Prince #Toronto #PRINCEWATCH #princeTOrumours #masseyhall,prince-toronto,1
"Lots of disappointment and disbelief at Massey Hall after would-be Prince called off. Five hours in line based on media speculation, ouch!",prince-toronto,1
"Prince news from fans at Massey Hall: show tonight, $10 for entry. Need to line up at Massey for wristbands. Big line already. #PrinceWatch",prince-toronto,1
Prince rumoured to be performing surprise show in Toronto http://t.co/2Ir63ub4u4,prince-toronto,1
Live Nation quashes #Prince rumour. The Purple One will not be playing at #Toronto's Massey Hall. http://t.co/FvGEmAzggF,prince-toronto,1
Is Prince playing a secret show in Toronto tonight? http://t.co/OYvrbLO3RJ,prince-toronto,1
Inside Massey Hall in Toronto. Pretty legit. Wish I were there! @3RDEYEGIRL #Prince http://t.co/Z8vRZTSx5W,prince-toronto,1
.@3RDEYEGIRL just left #Toronto fans out in the cold. Reaction: http://t.co/qB1TPDPtho #Prince http://t.co/aUxq4wNPKe,prince-toronto,1
Are you a Prince fan? Do you live in Toronto? You might want to check this article out: http://t.co/qgXsag2ygC #surpriseshow,prince-toronto,1
#BREAKING: The Artist Formerly Known To Perform Will Not Be Doing So Anymore. Sorry Prince Fans. #Toronto #Concert #Fail,prince-toronto,1
"This afternoon's rain will not be purple, even if Prince is playing a secret show tonight at Massey Hall.  Just regular colour rain &amp; windy",prince-toronto,1
"No Purple Rain #Toronto, just rain MT @LiveNationON In response to inquiries, can confirm Prince won't be performing at @masseyhall tonight",prince-toronto,1
Prince is going to make #Toronto purple tonight. And all eyes are watching. http://t.co/UpnrwN0qet,prince-toronto,1
"omggggg :'( ""@TorontoStar: Sorry, fans. Prince will not be performing at Massey Hall tonight: http://t.co/ajNlq4npxs http://t.co/dynoAkJumk""",prince-toronto,1
VIDEO: Prince to perform a surprise show in Toronto http://t.co/nBkcvGZeg3 http://t.co/NTsPuCpKUa,prince-toronto,1
"Still hundreds of people waiting in the rain for Prince at Massey Hall. Venue, promoter say no concert tonight #cbcto http://t.co/yyUQnhJ7Tr",prince-toronto,1
Is Prince playing a secret show in Toronto tonight? Lineup Already at Massey Hall RU going http://t.co/ONDwvsPtUT http://t.co/TlgzGeSE0c,prince-toronto,1
Prince fans lining up at Massey Hall. Wristbands for surprise show reportedly on sale at 6pm. #Toronto http://t.co/uZBPGlfyce,prince-toronto,1
Possibly-incoming-but-who-the-hell-knows-with-this-guy-really: Prince @ Massey Hall - November 4 (2 shows and yes that's tonight) O-{+&gt;,prince-toronto,1
...and LiveNation confirms Prince will not be playing Massey Hall tonight.,prince-toronto,1
"If you love Prince enough to take the day off work &amp; go to downtown Toronto, rumour has it he is doing a show tonight at Massey Hall -LM",prince-toronto,1
Rumours of Prince at Massey Hall tonight. Not affiliated with @LesBonnesFilles. Let's move in for a closer look #PRINCEWATCH,prince-toronto,1
Is Prince doing surprise show in Toronto?  http://t.co/oWCOa2YVv9 #hotticket,prince-toronto,1
Rumour of Prince surprise show at Toronto's Massey Hall quashed by Live Nation http://t.co/kvopjL8bGH,prince-toronto,1
Rumours of Prince coming to #Toronto replaced by rumours of many wet people waiting in a line-up for nothing. At least thats what i heard.,prince-toronto,1
I might just be crazy! But I am in line for #Prince surprise show in Toronto!  #MasseyHall @3rdeyegirl,prince-toronto,1
"Dummies in line be like RT: ""@CP24 LiveNation confirms that Prince will not be performing at Massey Hall tonight."" http://t.co/Tt1iuaJwp4",prince-toronto,1
Chock-a-block w Prince fans at surprise Massey Hall concert in T.O. #cbcarts He so hearts Cdns http://t.co/HRQWag5OOv http://t.co/mSdWnitQUI,prince-toronto,1
Breaking: Live Nation Ontario says Prince isn't playing at Massey Hall tonight.,prince-toronto,1
Rumor has it PRINCE will perform @ a FREE private show @ Massey Hall tonight! #Toronto Will you stand in line? - @jusRED,prince-toronto,1
.@3RDEYEGIRL you see what you've done to #Toronto? #Prince http://t.co/82eXnU49OY,prince-toronto,1
"I know why Prince &amp; @3RDEYEGIRL starts the tour by Toronto... üòÅ
BikeSculture üö≤üö≤üö≤üö≤üö≤üö≤üö≤ http://t.co/yrihppnFkK",prince-toronto,1
Local news piece on Toronto show tonight #prince @3RDEYEGIRL http://t.co/ETH5CiiF6I #Princearmy,prince-toronto,1
Is it true? Prince rumoured to be performing surprise show in Toronto http://t.co/EZiiLVkXyb,prince-toronto,1
The line for #Prince at Massey Hall extends to back of building. Smells strongly of incense &amp; breakfast sandwiches http://t.co/ovA3uIUdsB,prince-toronto,1
Uh-oh. Live Nation is saying that there's no Prince show at Massey Hall tonight. http://t.co/IbovDWvjHK,prince-toronto,1
"Sorry, fans. Prince will not be performing at Massey Hall tonight: http://t.co/vWqaS1wjSp http://t.co/b69rpe8qeG",prince-toronto,1
Prince rumoured to play secret Toronto show today http://t.co/ODT5L7b8Pi,prince-toronto,1
Prince to perform surprise show tonight at Massey Hall http://t.co/J6NJFodRcX,prince-toronto,1
Prince fans are lined up from Massey Hall to Queen street to snag wristbands to his surprise shows http://t.co/W5rObSPMuN,prince-toronto,1
"Is Prince playing a surprise show at Massey Hall tonight?
http://t.co/Jp0lbYz4Ui http://t.co/DUwv0mbRQu http://t.co/hM4CcFtNwi",prince-toronto,1
Is anyone still in line at Massey Hall? #Prince,prince-toronto,1
Is Prince playing a surprise show in Toronto tonight? http://t.co/u4tF8e7e59,prince-toronto,1
Suspect that the heartless monopolists at @LiveNationON nixed tonight's Prince Toronto @masseyhall show. As always profit trumps fun.,prince-toronto,1
"Prince pulled this tweet, but I caught it. A Toronto surprise is coming. Let's go crazy. http://t.co/uu3vOm0FbK",prince-toronto,1
#Prince and @3RDEYEGIRL are rumoured to be performing a surprise show Tuesday night in Toronto http://t.co/N7YsVyMcnJ,prince-toronto,1
"FYI #Toronto ""@LiveNationON: In response to inquiries, we can confirm that Prince will not be performing at @masseyhall tonight.""",prince-toronto,1
"RT @CP24: Lineup forms outside Massey Hall amid rumours of surprise Prince show
http://t.co/qkfAKDqGFg http://t.co/P2AsGTOpal",prince-toronto,1
"Prince is doing a ""secret"" concert @masseyhall in Toronto tonight and tickets are ONLY $10!!!",prince-toronto,1
Lineup grows in Toronto amid rumours of secret Prince show http://t.co/Eg3mGVplSU,prince-toronto,1
#Breaking @LiveNationON has tweeted out there is no Prince show at Massey Hall tonight.,prince-toronto,1
Sample of line-up outside Massey Hall for rumoured Prince concert via @LindaWardCBC http://t.co/tZZuoauuwN #cbcto http://t.co/Fq111eHnw7,prince-toronto,1
Prince (@3RDEYEGIRL) playing surprise show in Toronto tonight?: http://t.co/BJCMwEagNr,prince-toronto,1
"The whole ""secret Prince show in Toronto"" is a joke. How dare they let ppl stand out there all day waiting. Total jerk move. By all involved",prince-toronto,1
Here's a picture of a #prince stage set up right now at #masseyhall in #Toronto http://t.co/sL1JUINcDS,prince-toronto,1
Hundreds of Prince fans line up outside Massey Hall on rumours the artist is playing a surprise show tonight. http://t.co/yX5dowP1yI,prince-toronto,1
Live Nation (@LiveNationON) has tweeted that Prince is NOT performing at @masseyhall tonight. #Toronto http://t.co/88wE70thJT,prince-toronto,1
It looks like a secret Prince show is happening at Massey Hall tonight. http://t.co/IbovDWvjHK http://t.co/1ObuNIhRdC,prince-toronto,1
Prince fans lined up outside Massey Hall say they are VERY disappointed after security says NO PRINCE SHOW tonight #prince #purplerain,prince-toronto,1
"PRINCE doing surprise show at Massey Hall in Toronto today! Wristbands at 6, show at 8.  @3RDEYEGIRL http://t.co/Z7vaVDAYKX",prince-toronto,1
"STORY: Prince to reportedly play a pop up show in Toronto TONIGHT
http://t.co/bXRByk5iWg http://t.co/qabWu3qMH6",prince-toronto,1
"TORONTO????

@AUXTV saying something about a secret Prince show tomorrow?
Maybe at @masseyhall?

Personally I've got no idea! Any more info?",prince-toronto,1
#Prince to perform a surprise show in Toronto @3RDEYEGIRL VIDEO: http://t.co/3uzgh3gNy7 #princearmy #princewatch http://t.co/PdeEHksg2P,prince-toronto,1
#Prince #Toronto inside #massyhall http://t.co/cz2HYoFqTK,prince-toronto,1
"#BREAKING: @LiveNationON has tweeted ""Prince will not be performing at @masseyhall tonight."" #PrinceTO #Toronto",prince-toronto,1
So wait Prince's gear was even set up in Toronto? Maybe Mr. Nelson wasn't pleased a pic was Tweeted of said set-up?,prince-toronto,1
Secret Prince show rumored for Toronto tonight http://t.co/GE2DFcFKLJ,prince-toronto,1
Prince cancelled Massey Hall show to play Bridle Path house party tonight #princeTOrumours,prince-toronto,1
Is Prince playing a surprise Massey Hall show tonight? http://t.co/w5ymCHylg8 http://t.co/DYQ0jwnnmU,prince-toronto,1
Maybe Massey Hall was just a decoy location and Prince has actually loaded all his gear into the El Mocambo. Maybe he BOUGHT the El Mo.,prince-toronto,1
Did you hear??? Prince! Tonight! Toronto?!?!?!?!?!?!,prince-toronto,1
"#BREAKING: #Prince reportedly to perform surprise show at Massey Hall tonight
http://t.co/WpiPU0aYwK #Toronto",prince-toronto,1
Is Prince really playing a secret show in Toronto or has he gone back to outer space http://t.co/WWlTF3gjto #princeTOrumours,prince-toronto,1
So @prince Concert @masseyhall  4 tickets/person &amp; max seating is 3300 Still a chance if you want to brave it! #Prince#Toronto,prince-toronto,1
Prince fans still holding out hope outside Massey Hall even after being told there will be no show tonight. http://t.co/JjjAImOgKr,prince-toronto,1
#Toronto if you can't get in to see #princeTO then get a #Prince pizza from Dino http://t.co/hqGmtiT6r0 @FiratDino,prince-toronto,1
"Now hearing there is NO #Prince show tonight, and the hundreds of people who have waiting in line will not be getting tickets. #Toronto",prince-toronto,1
"Aw man, #Prince just played for 2 hours in my backyard, Toronto. 8-minute version of ""Purple Rain."" I really should've told somebody.",prince-toronto,1
Prince rumoured to play secret Toronto show Tuesday http://t.co/6AMeCYAP0R #music,prince-toronto,1
From @DonnaGrantis on Facebook. @3RDEYEGIRL #Toronto #Prince http://t.co/lzXGiN7yLM,prince-toronto,1
Is Prince performing a show in Toronto tonight? Trick question: Prince doesn't perform. Prince is you. Prince is this tweet. Prince is.,prince-toronto,1
"#BREAKING: Prince reportedly to perform surprise show at Massey Hall tonight
http://t.co/G003mTSk9S #Toronto",prince-toronto,1
#Prince performs surprise show at Massey Hall tonight @3RDEYEGIRL Wrist Bands going for $10 GOTTA GO! BYE! http://t.co/404bQqXtSr,prince-toronto,1
".@LiveNationON tweets ""Prince will not be performing at Massey Hall tonight."" #cbcto",prince-toronto,1
LiveNation confirms that Prince will not be performing at Massey Hall tonight.,prince-toronto,1
#Toronto - sorry for the confusion today surrounding the reported #Prince Massey Hall performance. 3EG‚Äôs sound and lighting crew...(cont'd.),prince-toronto,1
"***Not confirmed yet***
Prince to perform surprise show in Toronto

Prince is rumoured to be performing a... http://t.co/4KrJbn5W1K",prince-toronto,1
Prince surprise concert rumours spark line-ups in Toronto http://t.co/QuARw5Lcth via @huffpostcamusic,prince-toronto,1
This Is What It Sounds Like When Prince Fans Cry. #NoPrinceConcert #Toronto http://t.co/tid8OsOBSn,prince-toronto,1
"""How can you just leave me standing, alone in a world that's so cold?""
‚Äï Prince fans in line outside Massey Hall since 7am",prince-toronto,1
Yes! RT @nowtoronto: Is Prince playing a surprise Massey Hall show tonight? http://t.co/pxqvE0ZsnM http://t.co/y83i28GRSl,prince-toronto,1
Security just said there is No #Prince show tonight in #Toronto. WTF.,prince-toronto,1
"Lineup forms outside Massey Hall amid rumours of surprise Prince show
http://t.co/J3f8kJpnqF http://t.co/LDAp5zTixz",prince-toronto,1
Is Prince to perform surprise show in Toronto tonight?  http://t.co/zA1hH7lfc0,prince-toronto,1
Just got word from Massey Hall management that #Prince is indeed doing 2 shows. Tonight and tomorrow.,prince-toronto,1
Star photographer Steve Russell shows how long the Prince lineup at Massey Hall is right now. http://t.co/tnpmrN08fp,prince-toronto,1
"Prince fans lining up at Massey Hall. Wristbands for surprise show reportedly on sale at 6pm.
http://t.co/XDIEmme4QD http://t.co/O0JFvNV6uR",prince-toronto,1
"BREAKING: Prince cancels Massey Hall gig tonight, rumoured to be headlining @Newzapalooza on Friday -- in holographic form.",prince-toronto,1
TORONTO: In case you missed it @LiveNationON are saying no Prince shows @masseyhall either today or tomorrow.,prince-toronto,1
People talking about stupid shit like government corruption and harassment when Prince is in Toronto smh,prince-toronto,1
Prince will NOT be performing a secret show in Toronto tonight despite fans waiting in the (purple) rain all day http://t.co/DSxU8mODEE,prince-toronto,1
#Surprise! Prince at Massey Hall TONIGHT! Park in our Yonge/Shuter lot and grab a pre-show bite! #ToTheCity http://t.co/CTjdXJb01P,prince-toronto,1
Is Prince playing a surprise show at Massey Hall tonight? http://t.co/mv0Ca9ro6a,prince-toronto,1
Surprise Prince show hitting Toronto tonight? My brain just melted.,prince-toronto,1
"Prince fans already lining up @ Massey Hall. Wristbands reportedly on sale at 6pm
http://t.co/WpiPU0aYwK #Toronto http://t.co/G9IEqv1GLe",prince-toronto,1
Rumour that Prince (@3RDEYEGIRL) will be performing a surprise show at Toronto's Massey Hall (@SoundboardTO) tonight: http://t.co/lnJmCVH3jT,prince-toronto,1
"Just noticed ""HALL of desire"" in that @drfunkenberry tweet. So, yeah, Massey Hall. Prince. Gah.",prince-toronto,1
My piece for @billboard: Secret Prince Show Rumored for Toronto Tonight http://t.co/GWaiW8SO0B @3RDEYEGIRL @DonnaGrantis @masseyhall,prince-toronto,1
"Maaaaaaan‚Ä¶ ""@Shakes1: Security at Massey Hall has told crowds to go home. Prince will not be performing tonight""",prince-toronto,1
Wish I was going to that secret concert that @3RDEYEGIRL and Prince are performing at @MassyHall in Toronto,prince-toronto,1
"Prince not performing tonight, Live Nation says
STORY: http://t.co/R3LrDeLIka #PrinceTO #Toronto",prince-toronto,1
Rumours of Prince surprise Toronto show quashed by Live Nation http://t.co/1f7VuOzI72,prince-toronto,1
Prince rumoured to be performing surprise show in #Toronto: http://t.co/4BVRlc4YMJ http://t.co/xqpfiYVKvK,prince-toronto,1
How can u leave me standing alone in a world so cold? #literally #dovescry #prince #toronto http://t.co/Rd1TjBcm1r,prince-toronto,1
can someone get us in 2 the secret prince show in toronto tomorrow,prince-toronto,1
"Live Nation says Prince isn't playing at *Massey Hall*. Could he play elsewhere? You know, the Elmo closes this week... (I know nothing)",prince-toronto,1
Are you in line at Massey Hall? Send us a photo! Prince rumoured to be playing surprise show http://t.co/tZZuoauuwN http://t.co/KmROAvXLc5,prince-toronto,1
"TORONTO 2NITE: This is a page from @Ticketmaster which states Prince is playing @masseyhall 

 http://t.co/pjsH9JAnnq http://t.co/72ioWI7EfN",prince-toronto,1
PICTURES OF THE #PRINCEAMY QUEUING IN #TORONTO https://t.co/RkYChFJ2y4 SEND US YOUR PICS TO ADD TO OUR GALLERY! #PRINCE @3RDEYEGIRL,prince-toronto,1
"UPDATED: Prince not playing Massey Hall, Live Nation says http://t.co/MjRWsEJRWo #PrinceTO #cbcto http://t.co/Gk9DflWJjE",prince-toronto,1
"Jobless bums lineup in rain all day for unannounced, secret Price gig tonight. Live Nation says no dice. Hilarious. http://t.co/QikGYeFjal",prince-toronto,1
Yes!! @prince is doing a concert @masseyhall tonight and tickets are ONLY $10!!! #Toronto #rocks,prince-toronto,1
Is Prince really playing Massey Hall tonight? These folks sure hope so. Lineup surprisingly short. http://t.co/9PpzUOasz9,prince-toronto,1
Prince? In Toronto? http://t.co/TwL04ck0Rm via @blogto,prince-toronto,1
Big rumour of the day. Prince is playing Massey Hall tonight.. barriers and fans showing up outside,prince-toronto,1
"Hey #Prince remember that time I stood next to you at that thing. Anyway, let's catch up tonight at Massey Hall. @3RDEYEGIRL #PRINCEWATCH",prince-toronto,1
"UPDATE: Live Nation tweeting that Prince won't be performing tomorrow night either.
http://t.co/R3LrDeLIka #PrinceTO #Toronto",prince-toronto,1
"Prince reportedly to perform surprise show at Massey Hall tonight
http://t.co/DTrGocPIhy #Toronto #Prince",prince-toronto,1
WOW. It seems as though #Prince will not be playing at #toronto's #MasseyHall after all. A sad turnout for those who played hooky today!,prince-toronto,1
"Prince not performing tonight, Live Nation says
STORY: http://t.co/GibJDqhHBA #PrinceTO #Toronto",prince-toronto,1
Is #Prince in #Toronto? Rumours fly of surprise show... @masseyhall http://t.co/ySchlys6DA,prince-toronto,1
Prince is in my spin class right now.  #Toronto #WheresPrince,prince-toronto,1
OMG. #Prince rumoured to be performing in Toronto today. Exciting!,prince-toronto,1
"From @CBCToronto: Is Prince playing a surprise show at Massey Hall tonight?
http://t.co/5rpdcB5dEd http://t.co/m2ucwQlULZ",prince-toronto,1
"Prince is insulted by Massey Hall's reservation costs, books a show at Izakaya Sushi House #princeTOrumours",prince-toronto,1
"Toronto, we just got Rick Rolled by Prince. We can either riot or we can go home and cry together. I'm down for whatever, really.",prince-toronto,1
In a tweet concert promoter Live Nation says there is NO Prince show at Massey Hall tonight #Toronto,prince-toronto,1
Imagine if the people lining up at Massey Hall for Prince found out that some lines got crossed &amp; it's actually a secret Nickleback show?,prince-toronto,1
Rumours that Prince is playing Massey Hall tonight - listen for details in 5 mins: http://t.co/IByVwVORFh #MusicNerd,prince-toronto,1
Hundreds of people still waiting in line for the event formerly known as Prince concert at Massey Hall #cbcto http://t.co/XJbCmPNIh9,prince-toronto,1
Live Nation wants to apologize for any inconvenience experienced by Prince and his fans. Read more here: https://t.co/EwTuUh0Khb,prince-toronto,1
Get here quick! We're in line for @3RDEYEGIRL secret show in Toronto @masseyhall !!! #Prince http://t.co/LpfaxDopSn,prince-toronto,1
Prince Playing Surprise Show in Toronto Tonight? Are you lined up at Masey Hall? http://t.co/lgrARMzl2R http://t.co/mibqQc7vUv,prince-toronto,1
Toronto People -----&gt; Prince to perform surprise show in Toronto http://t.co/OyKGfpNRvg,prince-toronto,1
TWO TORONTO SHOWS TONIGHT? Looks like @drfunkenberry is hinting at TWO @masseyhall Prince shows tonight.... stay tuned!,prince-toronto,1
Prince to perform surprise show in Toronto http://t.co/Kj7HibxIrx http://t.co/GrkgI3n5xV,prince-toronto,1
Toronto riots tonight RT @CP24: LiveNation confirms that Prince will not be performing at Massey Hall tonight.,prince-toronto,1
There's a serious Prince fan on @Kijiji who'll pay someone to line up at Massey Hall for them: http://t.co/DosNZhur00 (h/t @ceciliacooper),prince-toronto,1
Clearly prince is having a show in #toronto @TorontoComms #tdot #gta #prince #concert http://t.co/e7oktlGd1v,prince-toronto,1
Update: Massey Hall has confirmed Prince will not be playing a surprise show tonight. http://t.co/1vuq42ChDn,prince-toronto,1
Surprise Prince show at Massey Hall tonight? http://t.co/Ia8Mmiq7n6 http://t.co/D8yShNMXox,prince-toronto,1
Prince won't be performing tomorrow night either. He's actually performing in an alternate reality for the next few days. #PrinceTO #Toronto,prince-toronto,1
No Prince concert at Toronto's Massey Hall. DEVELOPING STORY: http://t.co/63l6scicxF,prince-toronto,1
Prince in Toronto cancelled! WTF!!,prince-toronto,1
"#BREAKING: @LiveNationON has tweeted ""Prince will not be performing at @masseyhall tonight."" #PrinceTO #Toronto",prince-toronto,1
Outside Massey Hall where Prince and @3RDEYEGIRL fans are lining up for what they think is a surprise show. http://t.co/yRPLZfQASC,prince-toronto,1
RT@PrinceMuseum: TORONTO: In case you missed it @LiveNationON are saying no Prince shows @masseyhall either today or tomorrow.,prince-toronto,1
Prince is rumoured to be performing a surprise show Tuesday night in Toronto. http://t.co/GFa28laeQf,prince-toronto,1
Toronto is hoping for a surprise show by Prince and @3RDEYEGIRL tonight. http://t.co/8Nwq3UgIzt,prince-toronto,1
"Prince not playing Massey Hall tonight, promoter says http://t.co/clVHvM07kx http://t.co/IADirsFOOC",prince-toronto,1
"A Prince rep, accompanied by a Massey Hall staffer, just told us all in line that there is indeed no show. What a bust! #Prince #Toronto",prince-toronto,1
Security at Massey Hall say there will be no Prince concert tonight #cbcto,prince-toronto,1
A look at the stage where prince is performing sent by a friend #toronto #prince #tdot #concert @TorontoComms http://t.co/DQR1FkXQnV,prince-toronto,1
"Now ppl will be showing up @ various venues hoping Prince will appear for a secret #Toronto show. Also, will Prince buy the El Mo sign?",prince-toronto,1
"#PrinceWatch LiveNation post: In response to inquiries, we can confirm that Prince will not be performing at Massey Hall Tonight. (5mins ago",prince-toronto,1
Prince at Massey Hall tonight. He's gonna lift whole houses clear off the ground. Wish I could be there.,prince-toronto,1
No plans now that #Prince isn't performing in #Toronto? Come here for our surprise show w/ @MagnusBetner instead http://t.co/6QKYNrEBLt,prince-toronto,1
Prince Reportedly Pulls Out of Secret Toronto Show Because He 'Just Wasn't Feeling It'  http://t.co/u5sIB1kFG6 via @wonderingsound,prince-toronto,1
Event promoter says no surprise Prince show at Massey Hall Tuesday http://t.co/BArev1GALQ,prince-toronto,1
"Live Nation confirms no Prince show tonight, but fans still lined up at Massey Hall on rumours it's 2morrow nite! http://t.co/gsk36mKpFs",prince-toronto,1
"PRINCE IN TORONTO TONIGHT:
@3RDEYEGIRL tweeted this morning to say OTNOROT CALLING, which is Toronto backwards, obviously.... Seems it's on!",prince-toronto,1
"Prince never meant to cause you any sorrow, Massey Hall people standing in the rain.",prince-toronto,1
I can confirm that I am not performing at Massey Hall tonight either. #Prince,prince-toronto,1
Is #Prince planning a secret show in #Toronto tonight? http://t.co/7btRBeRkqN http://t.co/yWLpPBSjMc,prince-toronto,1
$10 Secret Prince show tonight at Massey Hall? FREAKING OUT! http://t.co/piXjrOZS78,prince-toronto,1
$10 to see Prince tonight in Toronto? I'd be a fool not to.,prince-toronto,1
jokes on you if you lined up for Prince at Massey Hall. #PrinceTrollKing,prince-toronto,1
Prince rumoured to be performing in surprise show in Toronto http://t.co/PEbtcmybqc http://t.co/HOoFI33eV2,prince-toronto,1
"In response to inquiries, we can confirm that Prince will not be performing at @masseyhall tonight.",prince-toronto,1
BREAKING: Prince confirms he is playing a surprise show tonight in the pillows section of Toronto's former Big Bop concert hall.,prince-toronto,1
#Prince playing #Toronto #MasseyHall tonight $10 . Lucky folks indeed,prince-toronto,1
Dammit Prince. Toronto needs a win right now.,prince-toronto,0
Prince loves this city. He fell for the Toronto woman trap. Happens to the best of them.,prince-toronto,0
"As an aside, Toronto is home to @magpietoronto where Prince @3RDEYEGIRL get a lot of their stage clothes...",prince-toronto,0
PRINCE gives Toronto purple balls .....,prince-toronto,0
L≈´k tƒÅ RT @L0gg0l: Rumors in Switzerland: Putin absence due to his girlfriend Alina Kabaeva giving birth in Ticino https://t.co/TYeC8ylhxq,putinmissing,1
This appears to be the original source of the Putin/Kabayeva/Swiss clinic rumour http://t.co/bKfJTSGdca,putinmissing,1
COUP IN THE KREMLIN? PUTIN'S ABSENCE FUELS RAMPANT SPECULATION #Russia #o4a #news - http://t.co/980aG8SIln http://t.co/RotadxvlZJ,putinmissing,1
Expert: Vladimir Putin‚Äôs Disappearance Could Mean Russia‚Äôs Undergoing a Coup http://t.co/s361KmVrAq #tcot,putinmissing,1
"@FSwissmartini @GolinehAtai 

Little doubt putin &amp; his mistress were last week in Lugano &amp; gave birth to a daughter!

http://t.co/qMsArnyZVE",putinmissing,1
"Putin ""disappearance"" Rumor: He Is In Switzerland http://t.co/Zzup3Vs64O #ATS #putinmissing #putindead #Kremlin http://t.co/3YULASjti9",putinmissing,1
I spend a lot of time in Ticino. Kinda offended Putin never even said hello. http://t.co/eoQKbwCpGR,putinmissing,1
"UPDATE: Russian President Vladimir Putin in baby rumours as insider warns of Kremlin cou

http://t.co/Qd6ebWvVxK",putinmissing,1
Expert: #Vladimir #Putin‚Äôs #Disappearance Could Mean #Russia‚Äôs Undergoing a #Coup http://t.co/rzLhZFdnwy,putinmissing,1
BREAKING NEWS Putin biographer confirms ' something happening at the kremlin '  Military Coup? http://t.co/OisUMhOwDQ,putinmissing,1
Is Putin in Switzerland with Kabayeva? I'm skeptical @StrebelLuca @BBCDanielS http://t.co/Hcax5bZoNo,putinmissing,1
Unformed Russian Embassy staff in London have left for Russia  Rumours Putin HAS DIED! http://t.co/zSIV8w6FJ2 via @ShaunyNews #PutinDead?,putinmissing,1
The internet has now pronounced @PutinRF dead #RIPPutin #VladimirPutin #Putin #putindead https://t.co/Z0hl3r43WO http://t.co/lqHfEiVXia,putinmissing,1
"Well, this might explain everything: Kabayeva rumoured to have delivered a baby in Switzerland 
http://t.co/JpjmxLF4LG GER
#Putin",putinmissing,1
#PutinDead speculation really like old times http://t.co/f8Zv0jwPCj when West speculated on health of Soviet leaders http://t.co/HNb5k34WKi,putinmissing,1
Swiss Paper #Putin missing due to daughter born to mistress Alina Kabayeva http://t.co/iDHOCRSxQ7 #Putindead #Russia http://t.co/Nxgvs6O7eD,putinmissing,1
"#putindead it's entirely possible that this is a staged ""disappearrance"". Ivan the Terrible and Stalin both pulled that gag, IIRC.",putinmissing,1
Putin just became a typical Russian father...he's still missing. #putindead,putinmissing,1
Rumors in Switzerland: Putin absence due to his girlfriend Alina Kabaeva giving birth in Ticino https://t.co/lBNIFEmzrW cc @russian_market,putinmissing,1
And you thought it was Putin's back? Alina Kabaeva allegedly gave birth to a child in Switzerland. http://t.co/HlE4XxoI4S,putinmissing,1
"Israel‚Äôs Ex-Ambassador To Russia: ""There Are Signs Of A Coup"" Against Putin http://t.co/lley9chjla http://t.co/Zqc0ibptCL",putinmissing,1
Who's the daddy? One explanation for #Putin's absence. His 32 year old girlfriend checked into Swiss maternity unit. http://t.co/ln7dqQN8z6,putinmissing,1
"Construction on red Square, mystery announcement &amp; the Russian flag has been taken down over the Kremlin. #PutinDead? http://t.co/xcpAEi6iof",putinmissing,1
Reports claim that the military may be organizing a coup to topple #Putin. It's the only institution in Russia that could pull it off.,putinmissing,1
Vladimir Putin's Disappearance Could Mean Russia's Undergoing a Coup - http://t.co/a5MSzViuEK: TheBlaze.comVlad... http://t.co/eEgFAWDciv,putinmissing,1
Ok we can scratch #Putin pregnant mistress off the list https://t.co/L2AtSmhQNw via @galynar #Putindead #Russia http://t.co/Rreg3IYs8k,putinmissing,1
Israel‚Äôs Ex-Ambassador To Russia: ‚ÄúThere Are Signs Of A Coup‚Äù Against Putin http://t.co/AFsa2ilZ2o,putinmissing,1
"What next?""CIA source #Putin has Flu""(Vladimir Flutin?)http://t.co/hJ6GLMXfKQ #Russia #Putindead #Ukraine For 9 DAYS? http://t.co/5ZLUoO9qfU",putinmissing,1
Vladimir Putin‚Äôs Disappearance Could Mean Russia‚Äôs Undergoing a Coup http://t.co/YmYo7LxU5w | #tcot,putinmissing,1
Very good on #Putin coup by @CoalsonR: Three Scenarios For A Succession In Russia http://t.co/fotdqxDfEV via @RFERL http://t.co/RdA0giizeb,putinmissing,1
Why Putin‚Äôs ‚ÄúCoup‚Äù Might be a Staged Event to Win Back the West | FrontPage Magazine http://t.co/BRf63GD6o3,putinmissing,1
Kremlin: Huge Announcement As Unmarked White Trucks Flood Into Moscows Red Square #Kremlin #Russia #Putindead #Putin http://t.co/v8vMk51614,putinmissing,1
BREAKING NEWS: Possible Military Coup in Russia? Putin biographer confirms ' something happening at the kremlin '  http://t.co/zC3JQGgF0d,putinmissing,1
"#putindead 
friend met #Alina Kabaeva  Jan 19 &amp; took this pic she clearly NOT pregnant.
strike baby theory off list http://t.co/g8tpR7nBi9",putinmissing,1
Vladimir Putin reappears on television amid rumours his 'girlfriend' is about to give birth http://t.co/Wkzcqxh9KK http://t.co/x8kItc0Yt9,putinmissing,1
https://t.co/eHM5pDVTBA @MarkGaleotti on the Putin disappearance scare. A military coup? Not so fast...,putinmissing,1
Military coup in #Kremlin and putin has been removed from power? Bullsh1t! 89% Russian people support &amp; adore him! putin is their new stalin,putinmissing,1
"Poll shows that #Putin's popularity - amidst rumours of his death - is increasing (now 88 %). I.e Russians like him better DEAD?
#putindead",putinmissing,1
"""Putin's continued absence suggests a palace coup."" Shooting Nemtsov may have been a bridge too far. 
http://t.co/bhvOjHDmFF",putinmissing,1
Putin is our baby! http://t.co/TesNY8w3CN,putinmissing,1
"Heydar Jemal told Georgian television:""I think Putin blocked by security forces and now negotiations with him.There is a coup d'etat "" 1\2",putinmissing,1
Has Putin disappeared because he is fending off a political coup? http://t.co/gLjpzAAXx4 via @MailOnline,putinmissing,1
"Rumor is that Primakov orchestrated coup against Putin(successful), and right now, there's a battle to replace Medvedev with Ivanov.",putinmissing,1
Expert: Vladimir Putin‚Äôs disappearance could mean Russia‚Äôs undergoing a coup:  http://t.co/7HQsmOJqhw http://t.co/xwqDNUlZFR,putinmissing,1
Coup in #Russia? Good article by @Forbes. http://t.co/aaNCpb0blW #RamzanKadyrov #Putin #putindead http://t.co/OfivdTlTbO,putinmissing,1
Why the Russian oil crash could threaten Putin with a palace coup - http://t.co/uZIOIWHe4I #WhereIsPutin #putindead #Putin #Kremlin #Moscow,putinmissing,1
Kremlin 'coup' rumours after Russia's President Vladimir Putin's week-long absence | World | News | Daily Express http://t.co/wwt00TUrpF,putinmissing,1
"No, don't know where #Putin is but no coup's today 
http://t.co/fCpuzpZbYp #Russia

-- ever rational @MarkGaleotti on current tea cup storm",putinmissing,1
Israel‚Äôs Ex-Ambassador To Russia: ‚ÄúThere Are Signs Of A Coup‚Äù Against Putin http://t.co/MGrh16rT8x #tcot #pjnet #gop,putinmissing,1
"Flag removed, huge stage being built, journalists told not to leave #Moscow pending big announcement. Has there been a coup or #Putin dead?",putinmissing,1
"Tanks in #Moscow
Mysterious stage being set up on red square
#Putin missing for 10 days

I swear, the coup theory climbs ever in my mind",putinmissing,1
"Is this how a coup against Vladimir Putin might happen?
http://t.co/KfX47MIk0p",putinmissing,1
"Putin ousted in coup???

Ok just asking!",putinmissing,1
"Has Putin Fallen Ill, or Fallen to a Coup? http://t.co/eNRAQ2a7hd",putinmissing,1
"@Victoriaokane @BlissTabitha

CAN PUTIN'S ABSENCE INDICATE A PALACE COUP IN MOSCOW? - Forbes

 http://t.co/CNjygFMDRM #SmartNews #DAVICTABN",putinmissing,1
Rumors in Ticino/Switzerland: Putin's baby already born? cc: @russian_market http://t.co/Txbcd81G1C http://t.co/0xxnb13wdX,putinmissing,1
RT @L0gg0l: Rumors in Switzerland: #Putin absence due to his girlfriend Alina Kabaeva giving birth in Ticino http://t.co/lPUUfZRBIn,putinmissing,1
Expert: Vladimir Putin‚Äôs Disappearance Could Mean Russia‚Äôs Undergoing a Coup http://t.co/tDJtF1Dkbm #tcot,putinmissing,1
"Coup scenario:Ivanov killed Nemtsov,blamed it on Chechens(an enemy) knowing everyone would ""know"" it was Putin,disabled some Chechen leaders",putinmissing,1
Expert: Vladimir Putin's Disappearance Could Mean Russia's Undergoing a Coup: Russian President Vladimir Putin... http://t.co/c5oRc7mZ7A,putinmissing,1
Can Putin's Absence Indicate A Palace Coup In Moscow? http://t.co/TyO33vYW7I,putinmissing,1
"RUMORS about #Putin started with a stroke, then he's sick, and now this http://t.co/yHU98WAdxQ What's next... #Russia #cdnpoli #dirtydeeds",putinmissing,1
"Russian President Vladimir Putin to be 'ousted in coup' as rumours swirl over ill-health 

http://t.co/hHf7uFn5pY",putinmissing,1
"1Week ago: Interest in a palace #coup against #Putin said growing among #Russian #Elites
http://t.co/CYuDXzXgHD",putinmissing,1
"""Putin umer"" or ""Putin has died,"" is now trending on the Russian Internet. @LToddWood #putindead",putinmissing,1
"#putindead 
friend met #Alina Kabaeva  Jan 19 &amp; took this pic she clearly NOT pregnant.
strike baby theory off list http://t.co/uFxhJhLYue",putinmissing,1
According to this article http://t.co/pWZaRxHypA #Putin might be AWOL due to his gf giving birth in Ticino.,putinmissing,1
.@KristinaSyk the latest...via @russian_market MT Putin absence due to girlfriend giving birth http://t.co/TdOhhuy3XH http://t.co/hRqXb1r0mb,putinmissing,1
"Kremlin preparing major announcement, journalists asked not to depart for weekend - http://t.co/yRXO4G52jT #PutinIsMissing #PutinDead #Putin",putinmissing,1
Has #Putin disappeared because he is fending off a political coup? Former aide claims another ... http://t.co/66ujG2PbI9 #Russia,putinmissing,1
Vladimir Putin has been neutralised' by stealthy coup http://t.co/kdLDUkbEpn via @MailOnline,putinmissing,1
No Russian leader as charismatic as Putin except Nemtsov. Coup scenario: Whoever broke cardinal rule &amp;ordered Nemtsov hit needed him gone.,putinmissing,1
"Punk may be dead ‚Äì but never #Putin!

#putindead http://t.co/QyuAKBaKgP",putinmissing,1
Latest rumour from Moscow: Sergei Shoigu has ousted Putin in a behind-the-scenes coup. That man makes Putin look like a kitten.,putinmissing,1
"I heard #Putin escaped the Kremlin and is on his way to his girl in Switzerland.
#Putindead #PutinPregnant http://t.co/Yrjxa4cmX7",putinmissing,1
Can Putin's Absence Indicate A Palace Coup In Moscow http://t.co/GmEq0iV1W8,putinmissing,1
Maybe Putin has just been on paternity leave? - @Blickch says Kabaeva has checked into a Swiss clinic to give birth http://t.co/gGDSkFJxdg,putinmissing,1
"After their exclusives on Putin and Kabayeva's first two babies, Page Six must be mad at getting scooped on the third http://t.co/8fKIjzW8dw",putinmissing,1
It just feels very odd.What'ss going on in #Kremlin? Military coup and putin removal?I'm afraid the next Russia's leader won't be any better,putinmissing,1
Is Putin facing palace coup? http://t.co/FOGZjRJegx,putinmissing,1
"NEWEST #Putin rumour, his girlfriend just gave birth to their child  http://t.co/Qsyra1pslL #cdnpoli #Russia",putinmissing,1
Is Putin facing palace coup? http://t.co/FOGZjRrDoZ,putinmissing,1
Don't know if #putindead is true but trying to start WW3 surely puts a price on one's head.,putinmissing,1
Russian President Vladimir Putin to be 'ousted in coup' as rumours swirl over ill-health http://t.co/8UrQdH7v5N http://t.co/6NpJ6h4EiB,putinmissing,1
"Palace coup? ""It's quite possible we are seeing the last days of the setting of the political star of V.V. Putin"" http://t.co/5fGilLyrXq",putinmissing,1
Where's Putin? https://t.co/qWoMgwmEn6 #putindead http://t.co/a6FSxHYplv,putinmissing,1
Can Putin's Absence Indicate A Palace Coup In Moscow? #europe #russia http://t.co/ygSgrQBvXv via @forbes,putinmissing,1
#putindead #putin Can Putin's Absence Indicate A Palace Coup In Moscow? http://t.co/ImBuKEacO1 via @forbes,putinmissing,1
"Tanks Around Moscow, Putin Missing: Is It A Coup Or Is Putin With Pregnant Lover?? (Picture) http://t.co/K5Q2IOVAEJ",putinmissing,1
Can Putin's Absence Indicate A Palace Coup In Moscow? http://t.co/y9qchRg3u0 #Leadership #Forbes,putinmissing,1
Hoppla! @L0gg0l: Swiss Rumors: Putin absence due to girlfriend Alina giving birth in Ticino http://t.co/vZnGDH1Qys http://t.co/5TvXSdvd1H,putinmissing,1
"No, don't know where #Putin is but no coup's today 
http://t.co/pmZoSJUGFo #Russia

-- ever rational @MarkGaleotti on current tea cup storm",putinmissing,1
"Palace coup? ""It's quite possible we are seeing the last days of the setting of the political star of V.V. Putin"" http://t.co/ExTkxM3JUR",putinmissing,1
#Putin Mistress Alina Kabayeva announce she has given birth to a boy https://t.co/DNcti3SJW1 #Putindead via @Symmaque http://t.co/1ecwr8cN9G,putinmissing,1
Latest (baseless) rumour from Moscow: Sergei Shoigu has ousted Putin in a behind-the-scenes coup. That man makes Putin look like a kitten.,putinmissing,1
Rumour: #Ivanov to take over for #Putin in #Russian #coup http://t.co/QX8a3HQq3T,putinmissing,1
Can #Putin's Absence Indicate A Palace Coup In Moscow? http://t.co/3LQqW2fkNB #Russia,putinmissing,1
Vladimir #Putin reappears on television amid claims that he us unwell and under threat of a coup.... http://t.co/TkVH65Bk9l #Russia,putinmissing,1
"No putsch, no illness, just a Putin jr. born in Switzerland - Swiss tabloid @Blickch claimes http://t.co/OM8SK1Hthi",putinmissing,1
RED ALERT: #Israel‚Äôs former ambassador to #Russia: ‚ÄòThere are signs of a coup‚Äô~ http://t.co/t2BqHTfPmy #wearethepeople #tcot,putinmissing,1
Rumours emerging that a coup has taken place in Russia and #Shoigu has replaced #Putin,putinmissing,1
Coup? RT @jimgeraghty: Rumors all Russian military attaches at embassy in London have returned to Moscow: http://t.co/e8ZoFxtfHX,putinmissing,1
".@MarkGaleotti: ""Some day, I suspect Putin will fall to a political coup,"" but not today. https://t.co/CZzB5bbZtJ",putinmissing,1
"A General's coup is not necessarily hard to organise. Putin is in his villa complex outside Moscow, and people just stop taking his calls.",putinmissing,1
Has Putin Been Overthrown in a Palace Coup? http://t.co/QY24myQjhw,putinmissing,1
Vladimir Putin's Disappearance Could Mean Russia's Undergoing a Coup: ‚Äú#–ü—É—Ç–∏–Ω–£–º–µ—Ä‚Äù http://t.co/upBdVl0fzm,putinmissing,1
"Oleg Shro of Novy Region claims to have source saying coup under way, Putin dead, Shoigu in charge, UNVERIFIED https://t.co/h93akdhm3P",putinmissing,1
Swiss tabloid drops this about: Putin secret baby mission in Ticino http://t.co/zfEayq07I5 http://t.co/S7ri70b66G,putinmissing,1
Update: Is it a girl? #Putin  cc: @russian_market http://t.co/Txbcd81G1C http://t.co/P1epNNz2Yn,putinmissing,1
Has Vladimir #Putin disappeared because he is fending off a political coup? http://t.co/utaDxaQHdq #Russia,putinmissing,1
"No Coups Today... 
No, I don't know where #Putin is, but I am pretty sure no coup's going down in #Moscow
http://t.co/mzdznQPWc0 #Russia",putinmissing,1
Putin reappears on TV amid claims he is unwell and under threat of coup http://t.co/YZln23EUx1 http://t.co/ZsAnBa5gz3,putinmissing,1
–§–µ–π–∫?! –∏–ª–∏ #–ü—É—Ç–∏–Ω–∞ #—É–±–∏–ª–∏! According to reports in Russia there was a military coup. President Vladimir #Putin killed http://t.co/tuXds42w94,putinmissing,1
Vladimir Putin‚Äôs Disappearance Could Mean Russia‚Äôs Undergoing a Coup http://t.co/Gsn5eSJzcf,putinmissing,1
Why Putin‚Äôs ‚ÄúCoup‚Äù Might be a Staged Event to Win Back the West http://t.co/COmEK0Isn9,putinmissing,1
if #putin is dead here is what happens next http://t.co/arGei7fSC0 #putindead http://t.co/N96BW9F53V,putinmissing,1
Putin reappears on television amid rumours his 'girlfriend' is about 2 give birth http://t.co/yJuN1F0QXE http://t.co/B7FXmo03jK @Scofield_Fx,putinmissing,1
Media told not to leave #Moscow &amp; expect statements fr #Kremlin http://t.co/QClF820Zp7 No flag on building #putindead http://t.co/8Oc4lf6YAE,putinmissing,1
Putin's son born today? &gt;&gt; http://t.co/RLN25tys2E via @AnnetteLatour,putinmissing,1
Expert: Vladimir Putin's Disappearance Could Mean Russia's Undergoing a Coup http://t.co/n54TygclBs via @theblaze,putinmissing,1
"Announcement coming from # russia.  Some say coup, some say war w/UK or #Putin is dead. I say new version of USSR coming. New flag.",putinmissing,1
Was Vladimir Putin netralized by an internal coup? Or maybe he's vacationing in Harper's closet:  http://t.co/tlr3cFLEyv #LookingForNarnia,putinmissing,1
Big announcement in #Kremlin Whole world in suspense hoping the wicked witch is dead! #putindead,putinmissing,1
Reports claim Putin disappeared due to impending political coup http://t.co/8IpndT2bsI,putinmissing,1
former adviser Andrei Illarionov claimed Putin had fallen victim to a palace coup . - http://t.co/o0DCgrBhcG http://t.co/7RJfbYXsE1 via @FT,putinmissing,1
"#Putin/s ""death"" or another #maskirovka? Military helo's flying over #Moscow &gt;  http://t.co/Spj2VTdlAt #Reddit #Russia #Putindead #NATO",putinmissing,1
#putindead I heard it from a good source that Vladimir Putin was riding a weasel on the back of a woodpecker and he fell off and died.,putinmissing,0
"I'm back! Few days of ""me time"". Secretly had a bit of work done. It's taken years off me!
#–ü—É—Ç–∏–Ω–£–º–µ—Ä
#putindead http://t.co/vDY5BykqVf",putinmissing,0
Where are you #Putin? Are you dead‚ùìüòê *awkward silence* üòÖ #PutinMissing #PutinDead,putinmissing,0
@Conflict_Report @DajeyPetros 'While at Kremlin I just had to peek in casket' or '#Putin's last selfie' #putindead http://t.co/udZiOLpcT4,putinmissing,0
A Ukrainian website shows a cartoon of #Putin lying in a coffin. http://t.co/rymSWYucu6 #PutinDead #WhereIsPutin http://t.co/IiVK36vk5X,putinmissing,0
Read this to understand why everyone is freaking out about #putindead: http://t.co/rYMgQ1VnZt,putinmissing,0
"Looks like Obama outmaneuvered Putin, forcing him to overreach and fall. #putinmissing #putindead http://t.co/oZhOxUBXlQ via @dailykos",putinmissing,0
Proof of the Russian palace coup: Putin forced to live in a doghouse outside the Kremlin http://t.co/kgJDTcqQ9P,putinmissing,0
I wonder when Brian Williams and Bill O'Reilly plan to tell us they took out Putin? #putindead,putinmissing,0
#Putin a person with so much power in his hands a cold can cause a national panic  http://t.co/1clCLvUHyz #putindead http://t.co/0Z0vZl5mbb,putinmissing,0
Number 1 question now on Twitter and Facebook were is #Putin is #putindead #putinmissing http://t.co/VFKU479e7K,putinmissing,0
I just found that Putin is swimming with the fishes in the Stockholm Archipelago. #PutinUmer #putindead #submarines http://t.co/kvlVgWbfyY,putinmissing,0
"Surprised it took me so long to stumble across this image today...

#putindead #WeekendAtVlads http://t.co/OLzO5n1gwF",putinmissing,0
Today's images of Putin are actually from Oct 2014. #putindead #WhereIsPutin http://t.co/AkjzfAsHWT,putinmissing,0
Putin in film on Crimea: ‚ÄòAmerican friends‚Äô are real masterminds behind Ukraine coup http://t.co/IxDYZA6683 http://t.co/Mre8u82ZLc,putinmissing,0
Found him!!! #putindead http://t.co/xmbZ8rcAKO,putinmissing,0
"Is #PutinDead?Missing for a week theories abound,We have some of our own in 10: http://t.co/XSZI3FuVG4 http://t.co/EICrrMH85u",putinmissing,0
"""Yea, I went out with him about a week ago. Why?""

#WhereIsPutin #Putin #putindead http://t.co/IOdJU96EVj",putinmissing,0
"#Russia #Putin emerges, meets judge aftr 9 days; net wild w rumors &amp; jokes.  http://t.co/LQwcr0a0Py via @MailOnline http://t.co/XRyhCc0Wol",putinmissing,0
Putin is here with me in a gay bar in Gran Canaria... leave him alone.. Coming out is difficult for him #putindead http://t.co/52LBobq3JF,putinmissing,0
This man was seen in Grozny yesterday evening when jumped out of a black SUV. #putindead #putin http://t.co/h2LTduFxFZ,putinmissing,0
"""#PutinDead"" is nothing more than an #American wet dream.",putinmissing,0
Putin's Weird Disappearance | http://t.co/w8wWhAaqN7 | #PutinDead #Russia #WhereIsPutin,putinmissing,0
One explanation for building site on #moscow Red Square it prevents helos landing for a coup. #Putin has returned to shadows whence he came.,putinmissing,0
"Not seeing #Putin-bots on #Putindead, #–ü—É—Ç–∏–Ω, #–ü—É—Ç–∏–Ω–£–º–µ—Ä hashtags and in comments. No money or no message? Kremlin confusion?",putinmissing,0
"#whyileft 

#Snowden was thinking about leaving and they have pizza. @DiGiornoPizza

#WhereIsPutin 
#Putin 
#FridayThe13th 
#putindead",putinmissing,0
"After #Putin disappeared Russian TV no longer speaks of Hunta, DNR and LNR. What shall be next? http://t.co/KwOY6xbYYd #putinmissing",putinmissing,0
"Kremlin just released a new photo: 
""both president Putin and Kim are doing well, somewhere in hell."" #putindead http://t.co/5bLbId1eWt",putinmissing,0
Is Putin dead? In a bunker awaiting war? Sick? Suffering a coup? Weigh in: http://t.co/bYGwWK5O1Y #Putin #putindead #WhereIsPutin,putinmissing,0
You know strange things are happening in the #Kremlin when #Russia trolls start worrying #Putindead #Putin #Ukraine http://t.co/ScvTRE7zOw,putinmissing,0
#BREAKING #Russia #Moscow today #Putin #Putindead http://t.co/Wg6KyvUgJ3,putinmissing,0
This is why it‚Äôs impossible for the #Kremlin to lie about #Putin‚Äôs weird disappearance #putindead #putinmissing http://t.co/eQacAOZfd4,putinmissing,0
Where's Putin? Is he at a pool party in Vegas?  Can you find him in this picture? #findputin #whereswaldo #putindead http://t.co/ts5v2qo2Fa,putinmissing,0
Radical Forces Of A Big Blood To Take Over #Russia As #Putin Coup Rumors Fly Wildly! #VladimirPutin http://t.co/ZuHI0hpsKE,putinmissing,0
"VIDEO #Russia(n) Armored Vehicles,Tanks in #Donetsk #Ukraine https://t.co/wvwVYUjm3V #Luhansk #Mariupol #Putindead http://t.co/jU5RD8a1Sr",putinmissing,0
"#Putin In our era of hybrid warfare, why not a hybrid coup? http://t.co/2nWrPTaR9w",putinmissing,0
What's next #aliens abducted #Putin? #putindead #Russia http://t.co/YLEEplnWrb,putinmissing,0
"Rumors Over Vladimir Putin, Moscow Leadership Abound http://t.co/pJw6dtWbGz via @epochtimes",putinmissing,0
"#Putin reappearance is a lie,he's been out of sight for 8 days now http://t.co/z3t0x18Klh #Putindead #Russia #Ukraine http://t.co/3hWnlIYrsk",putinmissing,0
#Putin is not the only thing missing....Look what is missing from the top of the #Kremlin today #putindead #Russia http://t.co/CzMVeh3C6M,putinmissing,0
"Putin will probably be found naked in a 7-Eleven staring at the freezer. Fugue state, that's all. #putinmissing #BreakingBad",putinmissing,0
"Nyet he's not sick.

He's with Donald Trump on a joint treasure hunt looking for #Obama birth certificate...

#WhereIsPutin 
#putindead",putinmissing,0
The State Department is concerned about a coup against Vladimir Putin. We will continue to monitor the situation closely.,putinmissing,0
"Putin?
I know where he is.
In the register kept by the Police in Finland.
Though our president said he can't be there either...
#putindead",putinmissing,0
I think President #Putin decided to die in order to divert attention from Nemtsov's death #WhereIsPutin #–ü—É—Ç–∏–Ω–£–º–µ—Ä #putindead #RIP,putinmissing,0
Prefer sports talk over politics but I have a gut feeling something crazy is happening behind close doors at the Kremlin #Russia #putindead,putinmissing,0
In game of Kremlin you either win or you die... #putindead,putinmissing,0
Something is rotten in the state of Russia. #putindead,putinmissing,0
"Where's Putin? Stroke? Dead? Has there been a coup?
This is huge
Where's Obama? Oh he's joking on Jimmy Kimmel while his wife dances w/Ellen",putinmissing,0
"Putin in film on Crimea: US masterminds behind Ukraine coup, helped train radicals http://t.co/FJ4ozephUg",putinmissing,0
"So there really were tanks/APCs moving on Moscow. Not because #PutinMissing, but for Monday #Crimea bash (via @aavst) http://t.co/s0ZLzL2ckr",putinmissing,0
#putindead Check out this.A monk in Ukr predicted on Jan28 that the Russian Empire would start collapsing on Mar.12 http://t.co/fG6QXyERVM,putinmissing,0
Where's Putin? My money on him being in America auditioning to be Fox News first ever shirtless news anchor.  #putinumer #PutinMissing,putinmissing,0
"#Russia | Question is not where #Putin is, but who holds the launch codes for Russian nuclear weapons? #putinmissing http://t.co/uz4JDDdQJw",putinmissing,0
#Putindead? Charges Against Activist Who Warned of #Russia Troops in #Ukraine Dropped http://t.co/F4Mf3AiDKZ #Putin http://t.co/GwZ81eaXlD,putinmissing,0
#PutinDead - Amazing how quickly the satirical songs and videos are produced. #–ø—É—Ç–∏–Ω—É–º–µ—Ä #–ü—É—Ç–∏–Ω–°–¥–æ—Ö http://t.co/Oeg3emWcEC,putinmissing,0
We finally find a people more paranoid than Conservative Republicans.  Russians #putindead #putinumer  #–ø—É—Ç–∏–Ω—É–º–µ—Ä,putinmissing,0
The Mausoleum for two))) #putindead #lenindead #putin #lenin http://t.co/xQoNLviBLw,putinmissing,0
30 years of New Yorker's caricatures on Russia.  http://t.co/jq06NctlDs #putindead http://t.co/vrRY8ncxaz,putinmissing,0
"#PutinMissing and Google won't search for #Putin because it knows you don't find Putin, he finds you.",putinmissing,0
World waits to see if Putin turns up http://t.co/0fsjYnbWye #russia #putin #coup,putinmissing,0
Do You Want To Know The Reasons The Soviet Union Banned These Bands in 1985? http://t.co/utVIUBzmAB #putindead http://t.co/tlS12dDNcc,putinmissing,0
"#Putindead?Njet!Just got bored with Kremlintowers,so busy moving to #Zutphen!Dutch City of many amazing Towers! #vvv http://t.co/ZsWD0F1ikl",putinmissing,0
Where is Putin? Here is the answer! He has opened a pub on Jaffa street in Jerusalem! #putindead #Putin #putinumer http://t.co/eBhvyDTNLS,putinmissing,0
This ranks among weirdest blips from on-line  #PutinDead fever. RT @rtdeutsch Punk may be dead ‚Äì but never #Putin! http://t.co/eh21XIsxYQ,putinmissing,0
"""@fatimatlis: The silence of those who know seems much more telling than the words of those who guess - #putindead""",putinmissing,0
"Trying to out-Merkel #Merkel again.
Someone tell Vlad it won't work. 
@IFFConsulting: http://t.co/RzLJXFUqLQ
#putindead ringer! @Suminas",putinmissing,0
I have a feeling Putin will reappear and declare full-scale war against Ukraine from Red Square tomorrow #putin #putindead,putinmissing,0
Where in the world is #Putin http://t.co/s4KuPw3Hfx #putindead,putinmissing,0
Funny but as soon as Putin will re appear on public most of the current tweets will be quickly deleted üòÇ #putindead,putinmissing,0
If it wasn't so tragic for the people: #Russia vs #Greece for worst governed country is somewhat entertaining. #Grexit #putindead,putinmissing,0
#Russia #Moscow #Kremlin today #Putin #Putindead http://t.co/rubjKPxgcN,putinmissing,0
What If there will be the declaration of total war against west. Haven't heard that version yet. #putinumer #putindead #Putin #WhereIsPutin,putinmissing,0
"""@koshmarik: Can't stop checking Twitter for Putin's whereabouts.  #putindead"" &lt;&lt;&lt; Putin would not die. Its not profitable.",putinmissing,0
#–ü—É—Ç–∏–Ω–£–º–µ—Ä &amp; #putindead highlight personalized nature of Putin's system. Via @PowerVertical http://t.co/maxroHxUWs http://t.co/wTmyhfFL8A,putinmissing,0
"Enter 'Putin' into Twitter search. Look at all the clowns suggesting he's dead/a palace coup. Now, never take any of them seriously again",putinmissing,0
"World: #WhereIsPutin #putindead #Kremlin #FreeSavchenko 
Putin: Aww, they miss me!",putinmissing,0
"#PUTIN FULL OF LEAD
 #–ü—É—Ç–∏–Ω–£–º–µ—Ä #putindead http://t.co/DjFt2BgV6x",putinmissing,0
"Ok, we ask ourselves where is #Putin. But the question should be: ""Where is #Russia?"" Russian people must be scared, now. #putindead",putinmissing,0
"Maybe we should ask some kids who are really, really good at spotting the red striped cap. #putinmissing http://t.co/eg8vL1GTqh",putinmissing,0
"While staring at yr feed for latest #Putin coup rumor listen to new SRB podcast! #Crimea annex, WWI &amp; Rus empire http://t.co/exbbJXZsu3",putinmissing,0
"Mostly only Canadians will get this one. lol

#Putin #PutinMissing #PutinDead http://t.co/rjKz9RFmdK",putinmissing,0
"I'm 92% convinced Kremlin thing is nothing/fake-out for absorption of South Ossetia. Not coup or that Putin's dead.

Down from 99% yesterday",putinmissing,0
#Putinmissing - just found him! #SundayFunday #VladimirPutin #Putin #putinnotdead http://t.co/FI9k9cKq7I http://t.co/HseiwTft5J,putinmissing,0
"Where's Putin? Speculation of a coup, death, or Kremlin struggle over Nemtsov is making my morning's work impossible. http://t.co/a6PVlrkCtp",putinmissing,0
#Russia prepares for a military parade in #Moscow marking 1 y anniversary of #Crimea occupation. #putindead http://t.co/wEtHVvXk2S,putinmissing,0
"Moscow police investigating #Putin's #Nemtsov statement for ""extremism."" Not a coup; just very confused police.  http://t.co/Z5YUfVfcPM",putinmissing,0
HE'S BAAAACK!!!!!!! Putin reappears on television as rumors of his death &amp; love child spread http://t.co/68TUaI04cC http://t.co/myvG6xGZa9,putinmissing,0
"Honey, I shrunk our Putin. #putinmissing #putindead http://t.co/QnSXcdadco",putinmissing,0
"So Putin is back. He's been busy. There's been a coup, he's been dead, his girlfriend gave birth, he was riding bears etc.",putinmissing,0
Kremlin just released photo of #Putin and current US President Obama. See everything is fine. #PutinDead http://t.co/s9TLjxIl5i,putinmissing,0
There he is!! #Putin #putinmissing http://t.co/EuXDTQxoyy,putinmissing,0
"Tanks in Moscow, no tanks in #Moscow, #Putindead, putin not dead, Kabayeva gave birth, Kabayeva was't pregnant. Too much speculations. Night",putinmissing,0
Is Putin dead? 144% of people say no. #putindead #Russia,putinmissing,0
"#PutinDead Putin unfortunately not dead, although weasel&amp; woodpecker may have been shot!! http://t.co/tEvNfwohD3",putinmissing,0
"What's going on in Russia? Coup, sudden illness or ""other""? http://t.co/bcQcVHLARB",putinmissing,0
Vlad just tried to slip away to attend Burning Man in peace:  http://t.co/LYhLtadCKa v,putinmissing,0
"Welp, Putin is fine, guys. These photos PROVE IT.  http://t.co/DlTxIXxmMi  #putindead  #putinstroke http://t.co/eQ6GbOUld4",putinmissing,0
Why do I see tanks in front of Moscow Mayor's office? #putinmissing,putinmissing,0
"In Soviet Russia, Supreme leader find you! #WhereIsPutin #putindead #Russia",putinmissing,0
Our QOTD: Where do you think #Putin has gone? @PaulineChiou @CNBCWorld #putinmissing,putinmissing,0
"White smoke has been spotted above the Kremlin. It seems a new Putin has been chosen. 
#putin #putindead http://t.co/LsoxhIVZA5",putinmissing,0
"To Hell, Yankees slaves, warmongers! #putindead http://t.co/WfTRcOkOOl",putinmissing,0
Putin has obviously disappeared to binge watch the entire season 3 of House of Cards.. #putinmissing #putin,putinmissing,0
"Stauffenberg meant well, but killing Hitler in July 1944 would have left Germany @ war, under control of Generals &amp; NSDAP types. #PutinDead",putinmissing,0
We've sussed it. The Kremlin's getting ready for St Patrick's Day ;) #putinmissing #putindead http://t.co/J4aOEUv4gl,putinmissing,0
"There was no coup in #Ukraine, #Putin now admits he was the one who urged Yanukovych to flee the country. http://t.co/Zx6ZaC5osy",putinmissing,0
Ex-KGB Yuri Shvets at #Litvinenko inquiry-#Putin in w drug smuggling ring http://t.co/VF2sNEEQrJ #Putindead #Russia http://t.co/Mp87EStOnx,putinmissing,0
"Death came for Pratchett, picked up Putin for balance #putindead",putinmissing,0
the plot thickens - #putindead http://t.co/ViegTs8Zzq,putinmissing,0
Putin juggling enough instability. He would make a live appearance by now to squash death/coup jitters.,putinmissing,0
"Vladimir #Putin #reappears on #television amidst all wild speculations
http://t.co/Is6dpF5WIp",putinmissing,0
